<?xml version="1.0" encoding="ISO-8859-1"?>
<!DOCTYPE mapper PUBLIC "-//mybatis.org//DTD Mapper 3.0//EN" "http://mybatis.org/dtd/mybatis-3-mapper.dtd">
<mapper namespace="cn.seecoder.courselearning.mapperservice.comment.CommentMapper">
    <resultMap id="BaseResultMap" type="cn.seecoder.courselearning.po.comment.Comment">
        <id column="id" jdbcType="INTEGER" property="commentId" />
        <result column="post_id" jdbcType="INTEGER" property="postId" />
        <result column="receiver_id" jdbcType="INTEGER" property="receiverId" />
        <result column="user_id" jdbcType="INTEGER" property="userId" />
        <result column="content" jdbcType="VARCHAR" property="content" />
        <result column="comment_time" jdbcType="TIMESTAMP" property="commentTime" />
    </resultMap>
    <delete id="deleteByPrimaryKey" parameterType="java.lang.Integer">
        delete from comment
        where id = #{id,jdbcType=INTEGER}
    </delete>
    <insert id="insert" parameterType="cn.seecoder.courselearning.po.comment.Comment" useGeneratedKeys="true" keyProperty="commentId" keyColumn="id">
        insert into comment (id, post_id,receiver_id,user_id, content,comment_time)
        values (#{commentId,jdbcType=INTEGER},
                #{postId,jdbcType=INTEGER},
                #{receiverId,jdbcType=INTEGER},
                #{userId,jdbcType=INTEGER},
                #{content,jdbcType=VARCHAR},
                #{commentTime,jdbcType=TIMESTAMP})
    </insert>

    <select id="selectByPrimaryKey" parameterType="java.lang.Integer" resultMap="BaseResultMap">
        select c.id, c.post_id, c.receiver_id,c.user_id,c.content,c.comment_time
        from comment c
        where c.id = #{commentId,jdbcType=INTEGER}
    </select>
    <select id="selectAll" resultMap="BaseResultMap">
        select c.id, c.post_id, c.receiver_id,c.user_id, c.content,c.comment_time
        from comment c
    </select>

    <select id="selectByPostId" parameterType="java.lang.Integer" resultMap="BaseResultMap">
        select c.id, c.post_id, c.receiver_id,c.user_id, c.content,c.comment_time
        from comment c
        where c.post_id = #{postId,jdbcType=INTEGER} and c.receiver_id=0
    </select>

    <select id="selectByReceiverId" parameterType="java.lang.Integer" resultMap="BaseResultMap">
        select c.id, c.post_id, c.receiver_id,c.user_id, c.content,c.comment_time
        from comment c
        where c.receiver_id = #{receiverId,jdbcType=INTEGER}
    </select>

    <select id="selectByReplyTimeReverse" parameterType="java.lang.Integer" resultMap="BaseResultMap">
        select c.id, c.post_id,c.receiver_id, c.user_id, c.content, c.comment_time
        from comment c
        where c.post_id = #{postId,jdbcType=INTEGER}
        ORDER BY c.comment_time DESC
    </select>
</mapper>