<?xml version="1.0" encoding="ISO-8859-1"?>
<!DOCTYPE mapper PUBLIC "-//mybatis.org//DTD Mapper 3.0//EN" "http://mybatis.org/dtd/mybatis-3-mapper.dtd">
<mapper namespace="cn.seecoder.courselearning.mapperservice.notify.NotifyMapper">
    <resultMap id="BaseResultMap" type="cn.seecoder.courselearning.po.notify.Notify">
        <id column="id" jdbcType="INTEGER" property="id" />
        <result column="receiver_id" jdbcType="INTEGER" property="receiverId" />
        <result column="post_id" jdbcType="INTEGER" property="postId" />
        <result column="receiverComment_id" jdbcType="INTEGER" property="receiverCommentId" />
        <result column="senderComment_id" jdbcType="INTEGER" property="senderCommentId" />
        <result column="sender_id" jdbcType="INTEGER" property="senderId" />
        <result column="receiver_content" jdbcType="VARCHAR" property="receiverContent" />
        <result column="sender_content" jdbcType="VARCHAR" property="senderContent" />
        <result column="create_time" jdbcType="TIMESTAMP" property="createTime" />
        <result column="last_time" jdbcType="TIMESTAMP" property="lastTime" />
    </resultMap>
    <delete id="deleteByPrimaryKey" parameterType="java.lang.Integer">
        delete from notify n
        where n.id = #{id,jdbcType=INTEGER}
    </delete>
    <insert id="insert" parameterType="cn.seecoder.courselearning.po.notify.Notify" useGeneratedKeys="true" keyProperty="id" keyColumn="id">
        insert into notify (id,receiver_id,post_id,receiverComment_id,senderComment_id,sender_id, receiver_content,sender_content,create_time,last_time)
        values (#{id,jdbcType=INTEGER},
                #{receiverId,jdbcType=INTEGER},
                #{postId,jdbcType=INTEGER},
                #{receiverCommentId,jdbcType=INTEGER},
                #{senderCommentId,jdbcType=INTEGER},
                #{senderId,jdbcType=INTEGER},
                #{receiverContent,jdbcType=VARCHAR},
                #{senderContent,jdbcType=VARCHAR},
                #{createTime,jdbcType=TIMESTAMP},
                #{lastTime,jdbcType=TIMESTAMP})
    </insert>

    <update id="updateByReceiverId" parameterType="cn.seecoder.courselearning.po.notify.Notify">
        update notify
        set last_time = #{lastTime,jdbcType=INTEGER},
        where receiver_id = #{receiverId,jdbcType=INTEGER}
    </update>

    <select id="selectByPrimaryKey" parameterType="java.lang.Integer" resultMap="BaseResultMap">
        select n.id,n.receiver_id,n.post_id,n.receiverComment_id,n.senderComment_id,n.sender_id,n.receiver_content,n.sender_content,n.create_time,n.last_time
        from notify n
        where n.id = #{id,jdbcType=INTEGER}
    </select>
    <select id="selectAll" resultMap="BaseResultMap">
        select n.id,n.receiver_id,n.post_id,n.receiverComment_id,n.senderComment_id,n.sender_id,n.receiver_content,n.sender_content,n.create_time,n.last_time
        from notify n
    </select>
    <select id="selectByReceiverId" parameterType="java.lang.Integer" resultMap="BaseResultMap">
        select n.id,n.receiver_id,n.post_id,n.receiverComment_id,n.senderComment_id,n.sender_id,n.receiver_content,n.sender_content,n.create_time,n.last_time
        from notify n
        where n.receiver_id = #{receiverId,jdbcType=INTEGER}
    </select>
    <select id="selectByTimeSequence" parameterType="java.lang.Integer" resultMap="BaseResultMap">
        select n.id,n.receiver_id,n.post_id,n.receiverComment_id,n.senderComment_id,n.sender_id,n.receiver_content,n.sender_content,n.create_time,n.last_time
        from notify n
        where n.receiver_id = #{receiverId,jdbcType=INTEGER}
        ORDER BY n.create_time
    </select>

</mapper>