<?xml version="1.0" encoding="ISO-8859-1"?>
<!DOCTYPE mapper PUBLIC "-//mybatis.org//DTD Mapper 3.0//EN" "http://mybatis.org/dtd/mybatis-3-mapper.dtd">
<mapper namespace="cn.seecoder.courselearning.mapperservice.post.PostMapper">
    <resultMap id="BaseResultMap" type="cn.seecoder.courselearning.po.post.Post">
        <id column="id" jdbcType="INTEGER" property="id" />
        <result column="course_id" jdbcType="INTEGER" property="courseId" />
        <result column="user_id" jdbcType="INTEGER" property="userId" />
        <result column="user_name" jdbcType="VARCHAR" property="userName" />
        <result column="title" jdbcType="VARCHAR" property="title" />
        <result column="content" jdbcType="VARCHAR" property="content" />
        <result column="post_time" jdbcType="TIMESTAMP" property="postTime" />
        <result column="reply_time" jdbcType="TIMESTAMP" property="replyTime" />
    </resultMap>
    <delete id="deleteByPrimaryKey" parameterType="java.lang.Integer">
        delete from post
        where id = #{id,jdbcType=INTEGER}
    </delete>
    <insert id="insert" parameterType="cn.seecoder.courselearning.po.post.Post" useGeneratedKeys="true" keyProperty="id" keyColumn="id">
        insert into post (id, course_id,user_id,user_name,title, content,post_time,reply_time)
        values (#{id,jdbcType=INTEGER}, #{courseId,jdbcType=INTEGER}, #{userId,jdbcType=INTEGER}, #{userName,jdbcType=VARCHAR},
                #{title,jdbcType=VARCHAR}, #{content,jdbcType=VARCHAR},
                #{postTime,jdbcType=TIMESTAMP},#{replyTime,jdbcType=TIMESTAMP})
    </insert>
    <update id="updateByPrimaryKey" parameterType="cn.seecoder.courselearning.po.post.Post">
        update post
        set id = #{id,jdbcType=INTEGER},
            course_id = #{courseId,jdbcType=INTEGER},
            user_id = #{userId,jdbcType=INTEGER},
            user_name=#{userName,jdbcType=VARCHAR},
            title = #{title,jdbcType=VARCHAR},
            content = #{content,jdbcType=VARCHAR},
            post_time = #{postTime,jdbcType=TIMESTAMP},
            reply_time=#{replyTime,jdbcType=TIMESTAMP}
        where id = #{id,jdbcType=INTEGER}
    </update>
    <update id="updatePost" parameterType="cn.seecoder.courselearning.po.post.Post">
        update post
        set id = #{id,jdbcType=INTEGER},
            course_id = #{courseId,jdbcType=INTEGER},
            user_id = #{userId,jdbcType=INTEGER},
            user_name=#{userName,jdbcType=VARCHAR},
            title = #{title,jdbcType=VARCHAR},
            content = #{content,jdbcType=VARCHAR},
            post_time = #{postTime,jdbcType=TIMESTAMP},
            reply_time=#{replyTime,jdbcType=TIMESTAMP}
        where id = #{id,jdbcType=INTEGER}
    </update>
    <select id="selectByPrimaryKey" parameterType="java.lang.Integer" resultMap="BaseResultMap">
        select p.id, p.course_id, p.user_id,p.user_name, p.title, p.content,p.post_time,p.reply_time
        from post p
        where p.id = #{id,jdbcType=INTEGER}
    </select>
    <select id="selectAll" resultMap="BaseResultMap">
        select p.id, p.course_id, p.user_id,p.user_name, p.title, p.content,p.post_time,p.reply_time
        from post p
    </select>
    <select id="selectByCourseId" parameterType="java.lang.Integer" resultMap="BaseResultMap">
        select p.id, p.course_id, p.user_id,p.user_name, p.title, p.content,p.post_time,p.reply_time
        from post p
        where p.course_id = #{courseId,jdbcType=INTEGER}
    </select>
    <select id="selectByTimeSequence" parameterType="java.lang.Integer" resultMap="BaseResultMap">
        select c.id, c.course_id, c.user_id,c.user_name, c.title, c.content, c.post_time, c.reply_time
        from post c
        where c.course_id = #{course_id,jdbcType=INTEGER}
        ORDER BY c.post_time
    </select>
    <select id="selectByTimeReverse" parameterType="java.lang.Integer" resultMap="BaseResultMap">
        select c.id, c.course_id, c.user_id,c.user_name, c.title, c.content, c.post_time, c.reply_time
        from post c
        where c.course_id = #{course_id,jdbcType=INTEGER}
        ORDER BY c.post_time DESC
    </select>
    <select id="selectByReplyTimeSequence" parameterType="java.lang.Integer" resultMap="BaseResultMap">
        select c.id, c.course_id, c.user_id,c.user_name, c.title, c.content, c.post_time, c.reply_time
        from post c
        where c.course_id = #{course_id,jdbcType=INTEGER}
        ORDER BY c.reply_time
    </select>
    <select id="selectByReplyTimeReverse" parameterType="java.lang.Integer" resultMap="BaseResultMap">
        select c.id, c.course_id, c.user_id,c.user_name, c.title, c.content, c.post_time, c.reply_time
        from post c
        where c.course_id = #{course_id,jdbcType=INTEGER}
        ORDER BY c.reply_time DESC
    </select>
</mapper>