<?xml version="1.0" encoding="UTF-8"?>
<!DOCTYPE mapper PUBLIC "-//mybatis.org//DTD Mapper 3.0//EN" "http://mybatis.org/dtd/mybatis-3-mapper.dtd">
<mapper namespace="cn.seecoder.courselearning.mapperservice.coupon.UserCouponMapper">
    <resultMap id="BaseResultMap" type="cn.seecoder.courselearning.po.coupon.UserCoupon">
        <id column="coupon_id" jdbcType="INTEGER" property="couponId" />
        <id column="user_id" jdbcType="INTEGER" property="userId" />
        <result column="nums" jdbcType="INTEGER" property="nums" />
    </resultMap>
    <insert id="insert" parameterType="cn.seecoder.courselearning.po.coupon.UserCoupon">
    insert into user_coupon (coupon_id, user_id, nums)
    values (#{couponId,jdbcType=INTEGER}, #{userId,jdbcType=INTEGER}, #{nums,jdbcType=INTEGER})
    </insert>
    <update id="update" parameterType="cn.seecoder.courselearning.po.coupon.UserCoupon">
    update user_coupon
    set nums = #{nums,jdbcType=INTEGER}
    where coupon_id = #{couponId,jdbcType=INTEGER} and user_id = #{userId,jdbcType=INTEGER}
  </update>
    <select id="selectByCouponIdAndUserId" parameterType="java.lang.Integer" resultMap="BaseResultMap">
    select coupon_id, user_id, nums
    from user_coupon
    where coupon_id = #{couponId,jdbcType=INTEGER} and user_id = #{userId,jdbcType=INTEGER}
  </select>
    <select id="selectByUserId" parameterType="java.lang.Integer" resultMap="BaseResultMap">
    select coupon_id, user_id, nums
    from user_coupon
    where user_id = #{userId,jdbcType=INTEGER}
  </select>
    <delete id="deleteByUserIdAndCouponId" parameterType="java.lang.Integer">
    delete from user_coupon
    where user_id = #{userId,jdbcType=INTEGER} and coupon_id = #{couponId,jdbcType=INTEGER}
  </delete>
</mapper>