<?xml version="1.0" encoding="UTF-8"?>
  <!DOCTYPE generatorConfiguration
    PUBLIC "-//mybatis.org//DTD MyBatis Generator Configuration 1.0//EN"
    "http://mybatis.org/dtd/mybatis-generator-config_1_0.dtd">
  <generatorConfiguration>

	 <context id="MysqlContext" targetRuntime="MyBatis3Simple" defaultModelType="flat">
        
     
        <property name="beginningDelimiter" value="`"/>
        <property name="endingDelimiter" value="`"/>

         <!-- suppressDate是去掉生成日期那行注释，suppressAllComments是去掉所有的注解 -->
        <commentGenerator>
	        <property name="suppressDate" value="true"/>
	        <property name="suppressAllComments" value="true" />
    	</commentGenerator>
  
        <jdbcConnection driverClass="com.mysql.cj.jdbc.Driver"
                        connectionURL="jdbc:mysql://localhost:3306/courselearning?useUnicode=true&amp;characterEncoding=UTF-8&amp;userSSL=false&amp;serverTimezone=GMT%2B8"
                        userId="root"
                        password="123456">
            <!--防止生成其他库同名表-->
            <property name="nullCatalogMeansCurrent" value="true"/>
        </jdbcConnection>

         <!--生成model类的存放位置 -->
         <javaModelGenerator targetPackage="cn.seecoder.courselearning.vo" targetProject="src/main/java">
             <property name="enableSubPackages" value="true"/>
             <property name="trimStrings" value="true"/>
         </javaModelGenerator>
        
		 <!-- 生成映射文件的存放位置 -->
         <sqlMapGenerator targetPackage="mapper" targetProject="src/main/resources">
             <property name="enableSubPackages" value="true"/>
         </sqlMapGenerator>
      
	     <!-- 生成Dao类的存放位置-->
         <javaClientGenerator type="XMLMAPPER" targetPackage="cn.seecoder.courselearning.mapperservice" targetProject="src/main/java">
             <property name="enableSubPackages" value="true"/>
         </javaClientGenerator>
         
		 <!-- 生成对应的表及类名 -->
<!--         <table tableName="course" domainObjectName="Course" enableCountByExample="false" enableUpdateByExample="false" enableDeleteByExample="false" enableSelectByExample="false" selectByExampleQueryId="false"/>-->
<!--         <table tableName="course_ware" domainObjectName="CourseWare" enableCountByExample="false" enableUpdateByExample="false" enableDeleteByExample="false" enableSelectByExample="false" selectByExampleQueryId="false"/>-->
<!--         <table tableName="user_info" domainObjectName="User" enableCountByExample="false" enableUpdateByExample="false" enableDeleteByExample="false" enableSelectByExample="false" selectByExampleQueryId="false"/>-->
<!--         <table tableName="recharge_order" domainObjectName="RechargeOrder" enableCountByExample="false" enableUpdateByExample="false" enableDeleteByExample="false" enableSelectByExample="false" selectByExampleQueryId="false"/>-->
<!--         <table tableName="course_order" domainObjectName="CourseOrder" enableCountByExample="false" enableUpdateByExample="false" enableDeleteByExample="false" enableSelectByExample="false" selectByExampleQueryId="false"/>-->
         <table tableName="coupon" domainObjectName="Coupon" enableCountByExample="false" enableUpdateByExample="false" enableDeleteByExample="false" enableSelectByExample="false" selectByExampleQueryId="false"/>
     </context>
 </generatorConfiguration>
