<?xml version="1.0" encoding="UTF-8" ?>
<!DOCTYPE configuration
        PUBLIC "-//mybatis.org//DTD Config 3.0//EN"
        "http://mybatis.org/dtd/mybatis-3-config.dtd">
<configuration>
    <settings>
        <!-- 是否可以使用列的别名 (取决于驱动的兼容性) default:true -->
        <setting name="useColumnLabel" value="true"/>
        <!-- 允许JDBC 获取生成的主键。需要驱动器支持。如果设为了true，这个设置将强制使用被生成的主键，有一些驱动器不兼容不过仍然可以执行。 default:false -->
        <setting name="useGeneratedKeys" value="true" />
        <!-- 使用驼峰命名法转换字段。 -->
        <setting name="mapUnderscoreToCamelCase" value="true" />
    </settings>
<!--    <typeHandlers>-->
<!--        <typeHandler handler="org.apache.ibatis.type.EnumOrdinalTypeHandler"-->
<!--                     javaType="cn.seecoder.courselearning.enums.UserRole"-->
<!--                     jdbcType="VARCHAR"/>-->
<!--    </typeHandlers>-->
<!--    <mappers>-->
<!--        <mapper class="cn.seecoder.courselearning.mapperservice.user.UserMapper"/>-->
<!--    </mappers>-->
</configuration>
